sugas,parklajumi,svarots
ABRGRO,0.05119196522045784,8.286156048992609e-4
ABRSYL,0.08485295396094207,0.0013734671343646127
ABRTRI,0.02243985084602964,3.6322126924717707e-4
ACHFLA,0.10798639269943391,0.0017479151214880885
ACLCRI,0.28382248393028753,0.0045940752263193265
ACLLAT,6.727472991755699e-4,1.0889382891437339e-5
ACLSP.,0.2835419980793922,0.0045895351592989565
ACLVAR,3.4804993938535567e-7,5.63368899429738e-9
ACRACE,0.012594404891309429,2.0385856222585624e-4
ACRALN,0.022251901687051462,3.601790417142756e-4
ACRAUR,0.07943086284972585,0.0012857027891867905
ACRCUS,0.0014196906350309015,2.2979735379368295e-5
ACREUP,0.004583445844390805,7.418966500928802e-5
ACRLEP,0.01001094764569306,1.6204158999029339e-4
ACRMEG,4.623614123611054e-5,7.483984639694352e-7
ACRMEN,1.3085092858815355e-16,2.1180105291283666e-18
ACRPSI,0.011923083244685112,1.9299225557198947e-4
ACRRUM,0.031798546621680426,5.14705224352499e-4
ACRSP.,0.1571369162144558,0.0025434870554454027
ACTPOL,0.43066402750764043,0.0069709168640977575
ADECRO,0.06727154959091716,0.0010888868109816612
ADEREA,0.21072652274601678,0.0034109119343542736
ADSSTA,0.006010287141053482,9.728514413453376e-5
AETPUN,0.611072636638719,0.00989108974944037
AGAZOE,0.005545593479495312,8.97634086862725e-5
AGLIO,0.1938402734349231,0.003137583695691541
AGLPIN,0.11032133768262267,0.0017857095652317378
AGLTAU,0.6122465400758331,0.009910091065417372
AGLURT,0.1071656242005242,0.0017346298025268515
AGOARE,0.16677176375150007,0.002699440924097228
AGOCIL,0.3136385886639662,0.0050766917766556985
AGOHER,0.1841096034381071,0.0029800788026724196
AGRAUR,1.1120185942655963e-16,1.7999620764283132e-18
AGRCIR,9.212299041302341e-5,1.4911431334484234e-6
AGRCLA,5.256010055803787e-4,8.507608436188695e-6
AGRCON,7.739552230926402e-17,1.2527578743774489e-18
AGREXC,0.13316421390219055,0.002155454379965906
AGRHEL,1.2166787709743218e-16,1.969369629466943e-18
AGRINQ,3.1413552509187973e-14,5.084735407663783e-16
AGRIPS,5.771059640496373e-9,9.3412902871105e-11
AGRLIT,6.717641271482817e-15,1.087346883772592e-16
AGRLOT,5.930500424424333e-17,9.59936813399746e-19
AGRMAC,3.560062388143696e-10,5.762473146961583e-12
AGRMAR,0.0056753114754492275,9.186308107081145e-5
AGROPT,0.02272799855156657,3.67885354407721e-4
AGRSEG,2.8831869792862667e-8,4.666852918403347e-10
AGRSTR,5.100237772257257e-16,8.255468584941365e-18
AGRTRI,5.103480635580676e-15,8.260717625767924e-17
AGRVES,2.0825688733385482e-16,3.3709373322440305e-18
ALCREP,0.03646986743464869,5.903172721503699e-4
ALLOXY,0.1020861971325885,0.0016524119678663993
AMPBER,0.020333152640203203,3.291213279645273e-4
AMPHI.,0.0085966742758198985,1.3914954084110297e-4
AMPLIV,0.0078825044356711,1.275896745310826e-4
AMPPER,4.4757451330712545e-7,7.244637405193158e-9
AMPPYR,0.04278379243816853,6.925172319204115e-4
AMPSP.,1.4936072601025352e-11,2.41761822970062e-13
AMPTRA,0.0015918297615785536,2.5766054792128622e-5
ANABLA,0.011990235660858974,1.9407921403722368e-4
ANAFUN,0.06951503903971805,0.0011252009153278713
ANAHOR,0.13536758520918651,0.0021911191144706587
ANAMYR,9.196948848146233e-6,1.4886584838490978e-7
ANAPRA,0.03992694927466512,6.462751152946039e-4
ANCBAD,0.1745548886070919,0.002825421997151352
ANCUNG,0.19009491761212188,0.0030769597234078364
ANGPRU,0.04996251686935418,8.087152145791206e-4
ANTCAR,0.9294857319718659,0.015045063785426046
ANTFAB,1.5207149317182274e-16,2.4614958960814975e-18
APAILI,0.013012050623978965,2.1061875925910598e-4
APAIRI,0.012752584952094664,2.0641893407690953e-4
APAMON,0.004309245898123386,6.975134439859728e-5
APESYR,0.0029237836675248324,4.732564498798511e-5
APHHYP,0.009091184914367981,1.4715390695842264e-4
APHSOC,0.2644562472806088,0.004280604824724296
APHSP.,0.018638095634149122,3.016843917117083e-4
APOCRA,0.07440106144408531,0.0012042882172650152
ARALEV,0.2899025447014368,0.0046924897570374555
ARCCAJ,0.13758687961983032,0.002227041587315875
ARCL-N,0.003642335565741057,5.8956441212116155e-5
ARCNOT,0.007830552536528824,1.2674875830237257e-4
ARCOPO,0.07542245121054296,0.0012208208800672043
ARCPAR,0.07658804475809576,0.0012396876885265552
ARCPOD,0.07256359895492921,0.0011745462433951914
ARCSP.,0.00371133019695542,6.0073218578101005e-5
ARCTI.,0.09686948718032623,0.0015679720122197985
ARGGOE,0.05750115808309992,9.307389681612566e-4
ARGLAO,0.005095683919933359,8.248097519810853e-5
ARGPAP,0.008679406045549374,1.4048867355701949e-4
ARGSP.,0.013511787723264692,2.187077231625617e-4
ARIAGE,0.11827385496524424,0.00191443249841536
ARIART,0.039531945544713246,6.398814116494715e-4
ARIMEL,0.008467361178748065,1.3705642232748213e-4
ATORUB,0.043351363392166636,7.017041843522054e-4
AUTGAM,0.039743408757954866,6.433042479793438e-4
AXYPUT,0.06831437770817644,0.0011057664843340614
BENBIC,0.10419380724968232,0.0016865266697448414
BISBET,1.8432504998891646e-4,2.9835661150514925e-6
BISSTR,0.205594871243504,0.0033278487720870137
BOLAQU,0.016961342082352983,2.74543723198492e-4
BOLDIA,0.1696172044286585,0.002745498475077247
BOLEUN,0.11622229134585617,0.0018812249897341106
BOLEUP,0.14144489453102274,0.002289489109023257
BOLSEL,0.06627151635940459,0.0010726998344223397
BOLTIT,0.023694337252982877,3.835269365224792e-4
BRANUB,0.06831062853331966,0.0011057057985452185
BREDAP,0.006896439274628983,1.1162879128762243e-4
BREINO,0.028851809286831263,4.6700804123635844e-4
BUCTHO,0.2297998241018793,0.0037196407567847514
BUPPIN,0.053870172941144726,8.719662498875095e-4
CABEXA,0.11359237772538258,0.0018386560542365796
CABPUS,0.1936682558776046,0.0031347993440516515
CALABI,0.09303952801231034,0.0015059786130783898
CALDOM,0.11186011442209531,0.001810616880535849
CALLUN,0.18380628423954443,0.0029751691450706423
CALMI,0.21826026362731596,0.0035328563690058524
CALPHA,0.025295657402457664,4.0944660689614493e-4
CALPOP,0.12536436243941712,0.0020292025627106558
CALPUD,0.024868736339253145,4.025362752941443e-4
CALRUB,0.6508797556062212,0.010535425238818534
CALSP.,0.09051247404728079,0.001465074609084239
CALSTI,0.20748380747072798,0.0033584239224606475
CAMBIL,0.053015505534581515,8.581322283369157e-4
CAMOHR,0.005528192624987472,8.948175082215878e-5
CANHIR,0.213506334329897,0.0034559071840416676
CARFLO,0.01036212720510722,1.6772593638721446e-4
CARMOR,0.015141458603336974,2.4508629089799524e-4
CARPAL,0.17148040722696486,0.0027756570928822075
CARSIL,0.19584379509214137,0.0031700135760990475
CARSP.,0.005724169407242243,9.265391698680823e-5
CATFAL,0.0011778522702178373,1.9065233521812277e-5
CATFRA,2.8456296417110183e-7,4.606060964315826e-9
CATFUL,0.008346819458967585,1.3510528117434696e-4
CATNUP,6.078550578591508e-4,9.839008607892838e-6
CATPRO,0.14166423772811332,0.002293039494228338
CATSPO,0.0011048249474338732,1.7883181241103473e-5
CAUFIB,0.07699858762074958,0.0012463329153899895
CAURUF,0.32128060891011917,0.0052003888686045704
CELARG,0.26520983481122956,0.00429280272306324
CELHAW,2.240024329648092e-16,3.625801640759544e-18
CELLAC,0.1600059427906817,0.002589926378133906
CELRIV,0.03576601013332804,5.789243291175148e-4
CELRUF,9.601301183701555e-15,1.5541087266119417e-16
CELSID,0.0035536414396398416,5.7520799180522505e-5
CELSTR,7.215151687751368e-10,1.1678761021264331e-11
CEPADV,0.18313826198288266,0.0029643562437900177
CERERM,0.15905768283448482,0.002574577426519682
CERGRA,4.606204369441305e-10,7.455804447899821e-12
CERPIS,2.977210689064135e-4,4.819043819488983e-6
CERRUB,0.4382815075947651,0.007094216738267824
CERVIN,0.15129150639534886,0.0024488706879688964
CHATRI,0.09039646650352205,0.001463196860093151
CHICLA,0.19947755153431185,0.0032288311518537363
CHLCLO,0.24104341143156244,0.003901634393409193
CHLSIT,0.21095122408975164,0.0034145490488713412
CHLVIR,0.13399227250160473,0.0021688576996917804
CHRCUL,0.05010732456748704,8.110591355023689e-4
CLECIN,0.33619458613095027,0.00544179304605846
CLELIC,0.013209129320072493,2.138087614845145e-4
CLESEN,0.09489488574332183,0.0015360102471828024
CLOCUR,0.25941350720275835,0.00419898082177846
CLOPIG,2.310906124229876e-16,3.740534022766747e-18
CLOSP.,0.16547670997706787,0.002678478615616651
COEARC,0.03972266744351665,6.429685199654726e-4
COEGLY,0.03556477442973232,5.756670397451651e-4
COEHER,0.06337620002683511,0.0010258349742054084
COEPAM,0.1656038681100473,0.0026805368529361764
COETUL,0.06763038299676663,0.0010946950458944167
COLCOR,0.23195124150747554,0.003754464542651376
COLHYA,0.07077704384753575,0.0011456282787375835
COLIA.,0.21937745232954042,0.003550939675405475
COLLUT,0.7932992266563933,0.012840689270887972
COLPAL,0.060805310962579566,9.842214360665038e-4
COLPEN,8.400581353726754e-17,1.3597549478608377e-18
COLSAL,0.1801564810854533,0.002916091830197763
COLSP.,0.048192106573764756,7.800585769274476e-4
COLSPI,0.04174115444561402,6.756406360098828e-4
COMBAJ,0.1171078299213475,0.0018955587055669058
CONVAC,0.11076750315851175,0.0017929313953391948
CORCOR,0.19111048810991976,0.0030933981929748213
COSCOS,0.07992229295108437,0.001293657292377853
COSCRI,5.746258397264468e-5,9.301145906885288e-7
COSOCE,0.13807168620285334,0.00223488887933369
COSTRA,0.0012802172681385586,2.0722158281534004e-5
CRAHER,1.0763016029958324e-10,1.7421489875993857e-12
CRALAT,0.10735282467032906,0.001737659911448374
CRAPER,0.02749341618493844,4.4502049461710716e-4
CRASP.,0.1221101111193575,0.0019765278233359732
CROELI,8.143621853543327e-4,1.3181623559839364e-5
CRYCHA,5.600271250127171e-6,9.06484470666423e-8
CRYGEM,1.2609271481990012e-13,2.040991993839831e-15
CUCLAC,0.009811539460954671,1.5881388163982684e-4
CUCLUC,0.03553550018981132,5.751931940563809e-4
CUCSP.,0.2656004781482334,0.004299125847475387
CUPARG,0.12331029293710304,0.001995954492709137
CUPMIN,0.13160535557862332,0.002130222015332663
CYASEM,0.04681587649593959,7.577823131913968e-4
CYBMES,0.10051941217426397,0.0016270512992458807
CYCALB,0.15536169798983515,0.0025147525945453868
CYCPEN,0.2518346844891475,0.004076306672813511
CYCPUN,0.04406520849706155,7.132587943549583e-4
CYDPER,0.0021518934015638414,3.4831490546156524e-5
CYDPOM,0.1431738826303889,0.002317475268836621
CYDSTR,0.1839820608592338,0.002978014342543015
DEIELP,0.05075844597083567,8.215984721575471e-4
DEIPOR,0.09953178352371002,0.0016110651086753427
DEIRIB,0.2743814169219453,0.004441257974308739
DELBAN,0.12765041540091596,0.002066205618744283
DENLUT,0.16883932049375014,0.0027329073044806565
DENPIN,0.1996260459853418,0.0032312347481766065
DEPSP.,0.12543042315740968,0.0020302718504702434
DIACHR,0.09623917337338311,0.0015577694764474894
DIAMEN,0.14889890952391777,0.002410143065472609
DIARET,0.1813811880963548,0.0029359154751055576
DIASAN,0.06674836669988565,0.0010804183432082894
DIASTE,0.10686400320920496,0.0017297476328524506
DICHIS,3.2136954762530235e-7,5.201828469662336e-9
DICPET,0.06673099368791187,0.0010801371360156453
DICSP.,0.0933556486011945,0.0015110954795993625
DILCAE,0.15022192242953408,0.00243155793271507
DIUFAG,0.11613235986484167,0.0018797693193331132
DRECUR,0.041169787075882876,6.663922331277002e-4
DREFAL,0.14359700175964796,0.002324324060668026
DRYERE,7.316572446767874e-16,1.1842925110726206e-17
DYSTRU,0.0842869999840805,0.0013643063550340532
ECLSIL,1.0079378341962932e-16,1.6314923925789127e-18
ECTCRE,0.23809455972619795,0.003853902986164403
EILCOM,0.0902411034617258,0.0014606820857471655
EILDEP,0.023741023150273776,3.8428261493524124e-4
EILGRI,0.01936388903826231,3.134324021268428e-4
EILLUT,3.397971336835656e-5,5.500105461036735e-7
EILSOR,0.4502239160769858,0.0072875218006117634
ELECOR,0.08248602749747212,0.0013351550243521524
ELONYM,0.05054483530425807,8.181408762059779e-4
EMAATO,0.29587653609340103,0.004789187402255756
EMMMON,0.06042265479950539,9.78027595555231e-4
EMMTRA,0.02411465327968331,3.903303561062629e-4
ENAPAL,1.285693396528711e-16,2.0810797297812653e-18
ENDVER,0.257327321216293,0.004165212900276268
ENNAUT,1.818455340725595e-6,2.943431582766172e-8
ENNERO,1.0181330280715363e-11,1.6479947806072272e-13
ENNFUS,2.698581646711961e-9,4.368042629210624e-11
EPIALT,0.2248503130489013,0.003639525799731296
EPIAUT,1.025866859974057e-16,1.6605131001765167e-18
EPICHR,1.0211836336399703e-16,1.6529326245980002e-18
EPIHAS,0.10888160618931197,0.0017624054397291403
EPIREP,0.001893473440086597,3.0648591691319484e-5
EPIRIV,0.16975348524307007,0.002747704376120184
EPISP.,5.0300062807399453e-17,8.141788812000476e-19
EPITED,0.18453432785874999,0.00298695357845434
EPITEN,0.002325097983689968,3.7635055890282224e-5
EPITRI,6.00120067333729e-17,9.713806658221427e-19
EPITRS,0.19563183292707192,0.00316658266351602
EPIVES,1.819411584625037e-8,2.944979401088354e-10
ERADEF,0.11370871650391973,0.00184053916473909
EREAET,2.448303997844966e-6,3.962932248088134e-8
ERELIG,0.0025889405861322695,4.190572799047256e-5
ERILAN,0.09763522102581064,0.001580366516139221
ERYTAG,0.23973922163744704,0.0038805242053064222
EUCGLY,0.14441448368421614,0.002337556181695284
EUCOCE,1.165324464220765e-16,1.886245295850278e-18
EUCVIR,0.006518960945293841,1.0551876146455554e-4
EUDLAC,2.4261081074370237e-5,3.92700500623006e-7
EULMEL,0.0010406943632359394,1.684513547378689e-5
EULMIN,0.23609160412643815,0.0038214822682112255
EULPOP,0.019066275943509417,3.0861510602436657e-4
EULPRU,0.008890855105839875,1.4391128080101673e-4
EULPYR,0.022144752729543894,3.58444681686152e-4
EUMEUM,0.025877410605448382,4.188631194313112e-4
EUPABI,0.07268565401009909,0.0011765218800587783
EUPAUR,0.11634144216300954,0.0018831536171271908
EUPCEN,2.271281061598051e-16,3.676395158199931e-18
EUPICT,2.883650487884051e-6,4.667603173751964e-8
EUPIT.,0.07091286775399079,0.0011478267840679091
EUPLAN,0.49296500489770223,0.007979347813047748
EUPMAT,0.05044761880676202,8.165672873325684e-4
EUPSIM,0.1578829815676051,0.0025555631965201186
EUPSP.,1.490391694797749e-16,2.4124133746444724e-18
EUPSUC,8.942959809529573e-7,1.4475467039116048e-8
EUPTRA,0.20148449794876938,0.0032613164668842203
EUPUNA,0.1564214940551352,0.0025319069185479257
EUROCC,0.016711754990456157,2.7050379704530563e-4
EUTPOT,0.21102190903169346,0.0034156931863482316
EVEPAL,0.004065971055849502,6.581359108673597e-5
EXACON,1.2947408445376405e-16,2.0957243260034037e-18
FABADI,0.014550322747756337,2.3551790663221904e-4
FABNIO,0.021784657733002158,3.526160261130429e-4
FALLAC,0.25162594930659893,0.004072927993585113
FAVQUE,0.043997051603089456,7.12155576971458e-4
GALMEL,0.009798277354559634,1.5859921536816806e-4
GASQUE,0.16165178536714947,0.002616566708041065
GELSP.,0.012473514390862946,2.019017755558652e-4
GEOPAP,0.012048064506580096,1.9501525710123726e-4
GEOSP.,0.20259353100896824,0.003279267762484466
GLYBER,0.07807353270789594,0.001263732448105395
GLYSIM,0.42525392772603565,0.006883346615841136
GONRHA,0.18976489766896149,0.0030716178758414653
GORFLA,1.0234501841330194e-16,1.6566013626504359e-18
GRAORO,3.3933689196239705e-7,5.492655786648505e-9
GRIAPR,7.134585897415476e-17,1.1548353698931873e-18
GYMRUF,1.549944635831215e-5,2.508808377347465e-7
GYNSEL,0.13811448509267307,0.002235581640938451
HABPYR,0.013841006034606177,2.240365951646688e-4
HADPLE,0.15100252919159665,0.0024441931761863727
HAMLUC,0.2283656285912379,0.0036964262391260506
HARFOR,0.007189086777699589,1.1636571214492528e-4
HECDYS,0.010603055141386642,1.7162570164915684e-4
HEDNUB,0.13008219969459506,0.002105567546047011
HELARM,7.43322397150464e-17,1.2031742385694875e-18
HELVIR,2.547083334059408e-15,4.122820814734072e-17
HEMAES,0.006992212128009628,1.1317901270411179e-4
HEMFUC,0.2151382762096774,0.0034823225111745722
HEMTIT,0.25539765383651797,0.004133978457600337
HEPHUM,0.05702265590158009,9.229937219516577e-4
HESCOM,1.2642839667145595e-4,2.046425487539141e-6
HETMOR,0.03630067369357686,5.875786280389425e-4
HIPALC,0.0055607850886588844,9.000930673613749e-5
HIPHER,0.010832904338543472,1.75346141579867e-4
HIPSEM,0.008944202708477674,1.4477478849874386e-4
HORTER,0.06111346791949437,9.892093997470976e-4
HYDFLA,0.1325951939704934,0.002146243973745468
HYDFUR,3.6204412567287864e-7,5.86020503222973e-9
HYDIMP,0.08085674572470879,0.0013087827548783073
HYDMIC,0.010944235629132082,1.7714819868586045e-4
HYDUND,0.11844581240848137,0.001917215877022359
HYLGAL,0.05938518971728028,9.612347306404401e-4
HYPCOS,0.09242350521421695,0.001496007397844209
HYPCRA,0.17633119069094558,0.0028541740018723596
HYPLYC,0.004357953954320997,7.053975436246248e-5
HYPPRO,0.04512522481617968,7.304166834824133e-4
HYPPUN,0.17973711556771665,0.002909303795969017
HYPROB,0.07168426818054345,0.0011603130097542018
HYPROS,0.0933995758548799,0.0015118065053966207
IDAAVE,0.00860992785278924,1.3936406905173593e-4
IDABIS,0.01383824211041187,2.239918570752382e-4
IDADIM,0.008494882415951777,1.3750189314531308e-4
IDAEMA,3.8988483704463534e-5,6.310846999085005e-7
IDASEI,0.07866312835088475,0.0012732759018145312
IDASER,0.01037168796665995,1.6788069106762565e-4
INAIO,0.2495567432793356,0.004039434917150985
INCPEC,0.39504081977718064,0.006394303997314696
IPIRET,9.86105450853834e-12,1.596153539202612e-13
ISSLAT,0.08729973154475663,0.001413071749638422
JODLAC,0.053168209204803654,8.606039569280441e-4
JODPUT,0.14300887257358272,0.00231480434367393
KORLUP,0.08596600715423035,0.0013914835016025136
LACOLE,0.008744927324355554,1.4154922971730652e-4
LACTHA,0.14586921067856184,0.002361103030955553
LACW-L,0.021763267825210243,3.522697996826371e-4
LAMC-A,0.2116539903320159,0.003425924331543706
LAMSUF,0.419918138349194,0.006796979188392975
LAMTER,0.22156889164566967,0.0035864112734719776
LAOAMU,0.4018911096636048,0.006505185794360969
LAOPOP,0.04663311127858824,7.548239952116523e-4
LARCLA,1.522389404121467e-15,2.464206270565701e-17
LASFLE,0.13001574127514265,0.002104491820917138
LASMAE,0.035667357319008074,5.773274913899395e-4
LASMEG,0.09994635003375851,0.001617775464060518
LASPET,0.2384794169764535,0.0038601324544383212
LASQUE,0.17174907309312132,0.0027800058364446456
LEPSIN,0.1772342888186927,0.0028687919443206307
LEPSINJ,0.31109471738819744,0.00503551556029285
LEUBIC,0.0022707196781295565,3.675486478292207e-5
LEUSAL,0.22937974934717995,0.0037128412425354138
LIMCAM,0.022337729497359904,3.6156828830111084e-4
LIMPOP,0.06411704433197488,0.0010378266051067795
LIT(=X,0.10763402695684456,0.001742211575009963
LITCON,0.20343137558641472,0.003292829482343483
LITFUR,0.08888862693278053,0.0014387903073730041
LITQUA,0.0776878504332851,0.0012574896256253574
LITSP.,2.311587290238289e-16,3.741636587947956e-18
LOBHAL,0.4181532710761518,0.006768412272535751
LOMBIM,0.3286272985980104,0.005319305610587868
LOMMAR,0.10282475394849136,0.0016643665724635531
LOMOPI,0.010754209834222588,1.7407235781283868e-4
LOMTEM,0.15163840548954485,0.0024544857488781294
LOPACH,0.033785252668952624,5.468629199210917e-4
LOXSTI,0.2630078145540726,0.004257159857243832
LYCALC,0.02681136319012559,4.339804856540532e-4
LYCDIS,0.03211637086640687,5.198496669942596e-4
LYCHIP,0.03814199019621472,6.173829846615815e-4
LYCHIR,0.39874883212237633,0.0064543235116888064
LYCPHL,0.14062742723582622,0.002276257224793426
LYCSP.,0.06591842564431202,0.0010669845532212613
LYCTIT,0.14176143657314538,0.002294612797371222
LYCVIR,0.009981717948844606,1.6156846529522063e-4
LYGPAS,0.005910912484179905,9.567662234674258e-5
LYMDIS,0.037185623037759546,6.019028063153041e-4
LYMMON,0.00424146319009736,6.865418375296045e-5
LYTCRU,0.0982640392126419,0.0015905448431483317
MACALT,0.09978899884219719,0.0016152285086503144
MACBRU,0.055809531727903004,9.033575619280991e-4
MACCON,0.12076389907963977,0.0019547374447324265
MACLIT,0.10738428270453816,0.0017381691049894476
MACNOT,0.1484325347652426,0.002402594119048983
MACROB,5.7899315640692145e-9,9.371837210440323e-11
MACRUB,0.07118093831069765,0.0011521658916904577
MACSTE,0.002260151529542597,3.658380409407497e-5
MACWAU,0.007418529699393844,1.200795759227816e-4
MALCAS,0.25802630678588995,0.004176526987322412
MALNEU,0.1930405879861815,0.003124639636228605
MAMBRA,0.08972049046011404,0.0014522552153312482
MANJUR,0.012422514027533204,2.0107626130321706e-4
MELATH,0.05071330982152336,8.208678786453782e-4
MELCIN,0.11751800292412981,0.0019021979457162171
MELDIA,0.06437399654917615,0.0010419857464089258
MELDID,0.01957430990022011,3.1683836650159796e-4
MELPER,0.039427977785120506,6.381985438862598e-4
MELPHO,0.06467283454916328,0.0010468228693648397
MELSP.,0.07949540658771505,0.0012867475224426063
MESALB,0.06941129847049415,0.0011235217249676288
MESFUR,2.613486270220288e-16,4.230303520031828e-18
MICAUR,0.04390709614897303,7.106995185313167e-4
MICCAL,0.46136635311364005,0.007467878174222704
MILMIN,0.01147087834927143,1.8567266877085858e-4
MIMTIL,0.15170910534582363,0.0024556301277650202
MNISAT,1.185422200001398e-6,1.9187763725910465e-8
MOMALP,0.07332313047625488,0.0011868403537750722
MONMON,0.061975414554418524,0.0010031612460810442
MYTCON,0.0023706475685423088,3.83723414514595e-5
MYTPAL,1.4695832031002136e-16,2.378731837198623e-18
MYTSP.,1.2163187229751766e-6,1.9687868399816798e-8
NEMDEG,0.04793291124890485,7.758631277007782e-4
NEMMET,0.019710427428762202,3.190416245278248e-4
NEMSWA,0.6390558532795411,0.010344038369092022
NEPSP.,0.3826983142594435,0.00619452278884753
NOCFIM,0.09751744298345108,0.0015784601090811342
NOCPRO,0.04129235137855565,6.683761126947553e-4
NOCSP.,0.13327481998829915,0.0021572446985940684
NOLAER,0.009624232644837874,1.5578205135024947e-4
NOMNOC,0.00968110096129759,1.5670254686629267e-4
NONTYP,1.4884709518194633e-16,2.409304375804607e-18
NOTCYN,0.08853861441816101,0.0014331248512750644
NOTDRO,1.0703605434275187e-4,1.732532527971902e-6
NOTUDD,0.22971990004966866,0.0037183470710162266
NOTZIC,8.192622981239425e-7,1.3260938934609196e-8
NYMANT,0.17523784105866066,0.002836476565116013
NYMNIT,0.011586012468397739,1.8753628012771004e-4
NYMPOL,0.1832536303677663,0.0029662236470751804
NYMSP.,0.07448207928317137,0.0012055996075477054
NYMXAN,0.11311233464888315,0.0018308858664249125
OCHPLE,0.13573257770764297,0.002197027043158095
OCHSYL,0.056997158417307445,9.225810084865075e-4
ODEATR,0.026105775039263788,4.225595263312715e-4
ODOBID,0.30635274973227683,0.0049587599917050446
ODOPRU,0.32964312490316205,0.005335748220764894
ODOSIE,0.006845919664972591,1.1081105872481828e-4
OENJUT,0.19572412593789368,0.0031680765586743855
OINV-F,2.3893074137029688e-4,3.867437789054795e-6
OLEARC,0.12831089595555992,0.002076896446727808
OLISP.,0.017992399793012752,2.9123287558647197e-4
ONCSEM,0.013566070766964162,2.1958637231965313e-4
OPEBRU,1.0699907533539274e-16,1.731933969537595e-18
OPEFAG,6.389736687710985e-17,1.0342708094587358e-18
OPESP.,1.1473348904445777e-16,1.8571265826064303e-18
OPILUT,0.1401327397696997,0.0022682499964673548
ORGANT,0.0103166331183064,1.6698954914184385e-4
ORGANTG,0.021538785090997676,3.4863622367519267e-4
ORGREC,0.009639348522712927,1.5602672358025826e-4
ORTCER,0.08002357800743745,0.0012952967367296344
ORTCRU,0.08227526087691188,0.0013317434633769879
ORTGOT,0.19831602512490001,0.0032100301758764237
ORTINC,0.1796597714527214,0.0029080518701959748
ORTPOP,0.08463423416056057,0.0013699268397321235
OSTNUB,0.017625311551812232,2.8529102428766277e-4
OSTPAL,0.0529448959579817,8.569893107565109e-4
PANCOE,8.527796837380026e-4,1.3803466040877376e-5
PANCOR,4.7731594228868616e-8,7.726045221048521e-10
PANFLA,0.2252953484707617,0.0036467293382885365
PANTEN,0.2109924792427626,0.0034152168228749405
PAPMAC,0.18500536153048064,0.0029945779360883587
PARAEG,0.23175089721474113,0.0037512216820462536
PARCLA,0.2844728495956277,0.004604602330267589
PARCON,0.5091317172766313,0.008241029311294766
PARFUL,6.262753712291988e-4,1.013716788034555e-5
PARMNE,0.15105357184841534,0.0024450193750199852
PARMUE,0.007765629655209766,1.2569788806630482e-4
PARPLA,0.09603112674561633,0.0015544019424688304
PARROB,1.1970712842815695e-16,1.9376320914050594e-18
PARSIM,0.1653013312932337,0.0026756398593085888
PARSTR,0.09309916260307459,0.0015069438847237786
PARTAB,0.0029856789753345304,4.8327509591156524e-5
PASREC,0.07478913588331498,0.0012105697603709189
PECSTR,0.04096863339132358,6.631362713514525e-4
PELCOM,1.0807750907508495e-9,1.7493899711134382e-11
PELMUS,0.012021968358399273,1.9459285339945963e-4
PENHYL,4.646961138564383e-6,7.521775142236758e-8
PERALC,0.11131337963375298,0.0018017671914213411
PERSTR,0.09583881609536812,0.0015512891179250226
PETCHL,0.2508680077207891,0.004060659618598932
PEXMAL,0.012943731951191887,2.0951292325274075e-4
PHABUC,0.06076882756445178,9.836308997806188e-4
PHEALC,6.223591237655123e-4,1.0073777780999238e-5
PHEARI,0.007911158250319043,1.280534777442417e-4
PHEGNO,2.0754837339313704e-16,3.3594690148032143e-18
PHETEL,0.004170176573352223,6.75003073037733e-5
PHETRE,1.936024109496635e-16,3.1337335491644948e-18
PHITRA,0.010610436835764894,1.7174518499241345e-4
PHIVET,0.0012292468853440928,1.989712930698108e-5
PHRFUL,0.0933550886409327,0.001511086415836933
PHYHEC,0.018037964591733624,2.91970407405999e-4
PHYILI,0.07997384105226968,0.0012944916725557017
PIEBRA,0.1141621146255914,0.0018478780656238526
PIENAP,0.25529562245152787,0.004132326932845852
PIERAP,0.07062509670562413,0.0011431687956455475
PIESP.,0.10654841174314318,0.0017246393309455856
PLAGON,0.10358748465591983,0.0016767124662730472
PLAPUL,0.027199540009050886,4.402636859226202e-4
PLEARG,0.010577698928411913,1.7121527486320463e-4
PLEARI,0.009716774287326136,1.5727997096983342e-4
PLEARY,0.01843971705036451,2.984733489339238e-4
PLEBIC,0.034088944290480414,5.517786057243499e-4
PLEIDA,0.01464596070693045,2.3706594459190882e-4
PLERUB,0.04104781444023333,6.644179305426236e-4
PLERUR,0.009284975032085406,1.5029067881166947e-4
PLOINT,0.12635847181804702,0.002045293653188664
PLUXYL,0.10885644485198474,0.0017619981672859024
POEPOP,6.788647105497067e-17,1.098840199539962e-18
POLAMA,0.03380864077616034,5.472414900837707e-4
POLCAL,0.1461618688005489,0.0023658401236952955
POLICA,0.1151492906709462,0.001863856930128098
POLNEB,0.05263159562662524,8.519180941610143e-4
POLTEN,0.0521080077626672,8.434430713182083e-4
PONEDU,5.904599067328856e-5,9.557443061215132e-7
PRIFUL,0.07251301992384873,0.0011737275490111513
PROPYG,0.08239081165187793,0.0013336138189080314
PROSEH,8.894241604752414e-6,1.4396609615793494e-7
PSECAN,0.09639866765069685,0.0015603511207837666
PSEMAC,0.15566759044582087,0.002519703904020598
PSYSP.,0.12981067237086777,0.002101172485677126
PTEPEN,0.05406161872826073,8.750650753772788e-4
PTESP.,0.02523815230901904,4.085158042285929e-4
PTICAP,0.061048784184792634,9.88162400443082e-4
PTIPLU,7.114728810327978e-17,1.1516212146722096e-18
PTYLEC,0.13917436511534026,0.0022527373239117636
PYRALV,0.00826538995667248,1.3378722753037514e-4
PYRAUR,0.138160319702144,0.002236323540033134
PYRCIN,0.3809688345593059,0.0061665286717684335
PYRDES,0.007573417399507218,1.2258665617977493e-4
PYRFAR,0.10040694124687558,0.0016252307954787335
PYRMAL,0.3931207260511432,0.006363224517997735
PYRPUR,0.022107380419869115,3.5783975708803803e-4
PYRSER,0.22949908157442464,0.0037147728063118093
PYRTRI,0.01357829422913547,2.1978422664029553e-4
RHAPRU,0.005054806691193695,8.181931844254436e-5
RHESP.,0.2833164355433075,0.004585884105144745
RHILUT,1.925245193390321e-16,3.1162863227274395e-18
RHYPIN,1.7615160502306363e-16,2.8512671494750664e-18
RHYPUR,0.09768064555422679,0.0015811017774820647
RHYSIM,0.02402280499068536,3.8884365941041916e-4
RIVSER,0.06674807943951705,0.0010804136934859537
SATILI,0.01284885544861101,2.0797721056348923e-4
SATPAV,0.24688634363742387,0.003996210657150879
SATPRU,0.055380647543570714,8.964154543863827e-4
SATSP.,0.19544036747492222,0.003163483519719389
SATW-A,0.02134801590424099,3.4554834993563634e-4
SCHCOS,7.392385310295565e-17,1.1965639137235269e-18
SCHSCH,0.25528863077058406,0.004132213762431129
SCOCHE,0.011131633762361355,1.8018150707427747e-4
SCOFLO,0.1997153462304508,0.00323268020111634
SCOIMO,0.12710688107296392,0.002057407733685565
SCOLIB,0.07464399816718675,0.0012082204976316322
SCOPA.,0.1379944797069131,0.0022336391811230397
SCORUB,0.37637518069218895,0.006092173775225454
SCOTER,0.06874345043848519,0.0011127116437636602
SEDBUE,9.123381088461053e-17,1.4767504835545014e-18
SELDEN,0.44947527565842843,0.007275403978398776
SELTET,0.14279003683456973,0.002311262172407894
SEMAVE,0.03462498345403115,5.604551707642437e-4
SEMOCU,0.0019932429128165716,3.2263504141752046e-5
SEMSTE,0.33837135380263444,0.005477027162452119
SESAPI,0.050595084709269135,8.189542351178648e-4
SESBEM,0.4018531656512753,0.0065045716159329026
SETIRR,0.04885399379585132,7.907721738472465e-4
SHAVER,0.12071797295798453,0.001953994064381386
SIOLIN,0.08376169024149481,0.0013558034611084618
SITVER,0.16011404293701814,0.002591676134521662
SMEOCE,0.14816525964641625,0.0023982678867328945
SPALUC,0.012630263761702974,2.0443898963187966e-4
SPEAGL,0.013215853836568887,2.1391760745829804e-4
SPHLIG,0.060434023512025245,9.78211614523071e-4
SPHPIN,0.09705295776685303,0.0015709417476144339
SPHSP.,0.2593758771230493,0.0041983717248014986
SPILUB,0.12231959643292965,0.0019799186445141714
SPILUT,0.12117844718135946,0.001961447502152317
STACEL,9.532613258263345e-17,1.5429905976944152e-18
STAFAG,0.016160188889110808,2.6157590617922964e-4
STAPED,0.09352708746019629,0.0015138704641744466
SYNCUL,0.3709395451637875,0.006004190194169685
SYNFOR,0.09830210963691113,0.001591161067735506
SYNINT,2.1620185253451195e-9,3.4995380241161836e-11
SYNMYO,0.20444477800753422,0.003309232858470304
SYNTIP,0.031159480109443926,5.043610134528539e-4
TELLUC,0.36341177007033515,0.005882342324377144
TETFLU,0.019552404208175344,3.164837913610219e-4
THEBET,0.0026098035630792386,4.224342528707885e-5
THEFIR,7.680634028852173e-17,1.243221115739434e-18
THEJUN,9.478464177181098e-17,1.5342257899003643e-18
THESMA,0.007893317388717921,1.2776469773230283e-4
THODEC,3.845196919783854e-16,6.224004407570929e-18
THYBAT,0.03567198219218055,5.774023516158536e-4
THYLIN,0.009246727891802448,1.4967159382157878e-4
THYSP.,0.01631823035266529,2.6413403463470896e-4
THYSYL,0.015033498725238254,2.433388049534652e-4
TILCIT,0.27862694049340925,0.004509977881175624
TIMCOM,0.06330732439796666,0.001024720123063596
TINPER,0.0066159627472715254,1.0708887518212652e-4
TINSP.,0.30158762425658453,0.004881629580488018
TISEKE,2.516070229371976e-4,4.072621643067752e-6
TORALT,9.626505781347871e-5,1.5581884533493317e-6
TORSP.,0.13926064277120137,0.0022541338518960435
TORVIR,0.023524468652927726,3.807773688475145e-4
TRAATR,0.06712905952264857,0.0010865804042320462
TRICAR,0.19049223554533323,0.003083390885762074
TRICRA,0.04461375449835364,7.221378005567766e-4
TRIDUB,0.01642067221337868,2.6579220352930945e-4
TRIPAR,0.4281314713411966,0.006929923799057922
TRISYL,3.6009021238141147e-10,5.828578134591451e-12
UDELUT,2.2443850089637087e-6,3.632860027585133e-8
UDEPRU,0.02459111326214308,3.9804254638604566e-4
VANATA,0.06167368776912941,9.982773639790395e-4
VANCAR,0.0929279422601622,0.0015041724371459718
VENBLO,0.03504421588146545,5.672410507349746e-4
XANBIR,0.3951932962767418,0.006396772048821856
XANFER,0.15980902754359994,0.0025867390215659003
XANFLU,0.22593097369990517,0.003657017847070486
XANICT,3.5075766408530525e-13,5.677517414059878e-15
XANMON,0.035737302229352626,5.784596503907746e-4
XANQUA,0.0494387270780076,8.002369232510265e-4
XANSPA,0.2462117714246042,0.003985291735406683
XANTOG,1.4360894550715323e-16,2.3245173874043844e-18
XESBAJ,9.55118074898966e-5,1.5459960131914353e-6
XESC-N,0.04259040461858749,6.893869718412721e-4
XESTRI,0.007305652249211118,1.182524919993602e-4
XESXAN,2.274097049059946e-16,3.680953239031714e-18
XYLSTR,0.6444595496628382,0.010431504969134725
YPOCAG,0.03756040859895636,6.079692498120757e-4
YPOEVO,0.13268678836973685,0.002147726560870374
YPOMAL,0.22802073299265563,0.0036908436076756733
YPOPLU,0.002658123425262264,4.3025551772338996e-5
YPOSP.,0.06060437141217311,9.809689403595858e-4
YPSDEN,6.757486479512802e-5,1.0937964039291085e-6
YPSSEQ,1.5842662151420964e-16,2.5643627911686767e-18
YPSSYL,0.036917221813634465,5.975583463648737e-4
ZANTAR,6.883836716178008e-9,1.114248007483032e-10
ZEUPYR,0.15724060950127725,0.002545165480471938
ZYGFIL,0.01737563746879099,2.812496900579771e-4
ZYGLON,0.042731138513308294,6.916649523954803e-4
ZYGMIN,0.003190293978212359,5.1639497784048164e-5
ZYGSP.,0.009737688067581688,1.576184905910778e-4
ZYGVIC,0.006390558285020652,1.034403796803293e-4
